ASUS,N580VD,ASUS VivoBook 15 Pro
ASUS,GL553VD,ASUS ROG STRIX GL553VD
ASUS,E203NAH,ASUS VivoBook E12
ASUS,X505BP,ASUS VivoBook 15
ASUS,GL503GE,ASUS ROG Strix GL503
ASUS,X441NA,ASUS VivoBook Max
ASUS,X407MA,ASUS VivoBook 14
ASUS,X540YA,ASUS VivoBook 15
ASUS,TP203NAH,ASUS VivoBook Flip 12
ASUS,TP410UA,ASUS VivoBook Flip 14
ASUS,UX490UA,ASUS ZenBook 3 Deluxe
ASUS,X507LA,ASUS Laptop X507LA
ASUS,X507UA,ASUS Laptop X507UA
ASUS,X407UA,ASUS Laptop X407UA
ASUS,X540LA,ASUS Laptop X540LA
ASUS,X441UA,ASUS VivoBook Max
ASUS,X442UA,ASUS VivoBook 14
ASUS,X542UA,ASUS VivoBook 15
ASUS,X411UA,ASUS VivoBook 14
ASUS,X510UA,ASUS VivoBook 15
ASUS,X540UB,ASUS Laptop X540UB
ASUS,X542UR,ASUS VivoBook 15
ASUS,S410UA,ASUS VivoBook S14
ASUS,S510UA,ASUS VivoBook S15
ASUS,UX310UA,ASUS ZenBook
ASUS,UX410UA,ASUS ZenBook
ASUS,X540UP,ASUS VivoBook
ASUS,X507UB,ASUS Laptop X507UB
ASUS,X520UF,ASUS Laptop X520UF
ASUS,X510UF,ASUS Laptop X510UF
ASUS,X542UN,ASUS VivoBook 15
ASUS,S510UQ,ASUS VivoBook S15
ASUS,S410UN,ASUS VivoBook S14
ASUS,P2440UA,ASUSPRO P2440UA
ASUS,P2440UQ,ASUSPRO P2440UQ
ASUS,P2540UV,ASUSPRO P2540UV
ASUS,UX430UA,ASUS ZenBook
ASUS,UX360UAK,ASUS ZenBook Flip
ASUS,UX310UQ,ASUS ZenBook
ASUS,UX410UQ,ASUS ZenBook
ASUS,UX430UQ,ASUS ZenBook
ASUS,X542UQ,ASUS VivoBook 15
ASUS,S510UN,ASUS VivoBook S15
ASUS,UX370UA,ASUS ZenBook Flip S
ASUS,UX390UA,ASUS ZenBook 3
ASUS,UX550VE,ASUS ZenBook Pro
ASUS,FX504GD,ASUS TUF Gaming
ASUS,FX553VD,ASUS FX553VD
ASUS,FX504GM,ASUS TUF Gaming
ASUS,GL503VM,ROG Strix
ASUS,GL702VM,ROG GL702VM
ASUS,GL502VS,ROG GL502VS
ASUS,G752VS(KBL),ROG G752VS
ASUS,GX501VI,ROG ZEPHYRUS GX501
ASUS,G701VIK,ROG G701VI
ASUS,GX800VH,ROG GX800VH
